<linker>
  <assembly fullname="Assembly-CSharp, Version=0.0.0.0, Culture=neutral, PublicKeyToken=null">
    <type fullname="UI_GameWindow" preserve="all" />
    <type fullname="UI_SettingWindow" preserve="all" />
  </assembly>
  <assembly fullname="Unity.Addressables, Version=0.0.0.0, Culture=neutral, PublicKeyToken=null" preserve="all">
    <type fullname="UnityEngine.AddressableAssets.Addressables" preserve="all" />
  </assembly>
  <assembly fullname="Unity.ResourceManager, Version=0.0.0.0, Culture=neutral, PublicKeyToken=null" preserve="all">
    <type fullname="UnityEngine.ResourceManagement.ResourceProviders.AssetBundleProvider" preserve="all" />
    <type fullname="UnityEngine.ResourceManagement.ResourceProviders.BundledAssetProvider" preserve="all" />
    <type fullname="UnityEngine.ResourceManagement.ResourceProviders.InstanceProvider" preserve="all" />
    <type fullname="UnityEngine.ResourceManagement.ResourceProviders.LegacyResourcesProvider" preserve="all" />
    <type fullname="UnityEngine.ResourceManagement.ResourceProviders.SceneProvider" preserve="all" />
  </assembly>
  <assembly fullname="UnityEngine.CoreModule, Version=0.0.0.0, Culture=neutral, PublicKeyToken=null">
    <type fullname="UnityEngine.GameObject" preserve="all" />
    <type fullname="UnityEngine.Object" preserve="all" />
    <type fullname="UnityEngine.RectTransform" preserve="all" />
    <type fullname="UnityEngine.Sprite" preserve="all" />
    <type fullname="UnityEngine.Texture2D" preserve="all" />
    <type fullname="UnityEngine.Events.PersistentCallGroup" preserve="nothing" serialized="true" />
  </assembly>
  <assembly fullname="UnityEngine.UI, Version=1.0.0.0, Culture=neutral, PublicKeyToken=null">
    <type fullname="UnityEngine.UI.Button" preserve="all" />
    <type fullname="UnityEngine.UI.Image" preserve="all" />
    <type fullname="UnityEngine.UI.Text" preserve="all" />
    <type fullname="UnityEngine.UI.AnimationTriggers" preserve="nothing" serialized="true" />
    <type fullname="UnityEngine.UI.Button/ButtonClickedEvent" preserve="nothing" serialized="true" />
    <type fullname="UnityEngine.UI.ColorBlock" preserve="nothing" serialized="true" />
    <type fullname="UnityEngine.UI.FontData" preserve="nothing" serialized="true" />
    <type fullname="UnityEngine.UI.MaskableGraphic/CullStateChangedEvent" preserve="nothing" serialized="true" />
    <type fullname="UnityEngine.UI.Navigation" preserve="nothing" serialized="true" />
    <type fullname="UnityEngine.UI.SpriteState" preserve="nothing" serialized="true" />
  </assembly>
  <assembly fullname="UnityEngine.UIModule, Version=0.0.0.0, Culture=neutral, PublicKeyToken=null">
    <type fullname="UnityEngine.CanvasRenderer" preserve="all" />
  </assembly>
</linker>